{
  "PartialUpdateBooking " : {
    "transaction" : "PartialUpdateBooking ",
    "sampleCount" : 3000,
    "errorCount" : 0,
    "errorPct" : 0.0,
    "meanResTime" : 4319.582,
    "medianResTime" : 4942.0,
    "minResTime" : 275.0,
    "maxResTime" : 24769.0,
    "pct1ResTime" : 7040.6,
    "pct2ResTime" : 7134.849999999999,
    "pct3ResTime" : 7891.98,
    "throughput" : 21.202162620587302,
    "receivedKBytesPerSec" : 19.040011351991236,
    "sentKBytesPerSec" : 6.5428548711968615
  },
  "Get booking" : {
    "transaction" : "Get booking",
    "sampleCount" : 3000,
    "errorCount" : 0,
    "errorPct" : 0.0,
    "meanResTime" : 2043.2520000000004,
    "medianResTime" : 2067.5,
    "minResTime" : 272.0,
    "maxResTime" : 49486.0,
    "pct1ResTime" : 3632.0,
    "pct2ResTime" : 3752.95,
    "pct3ResTime" : 5558.909999999998,
    "throughput" : 21.30666685605926,
    "receivedKBytesPerSec" : 19.154110899425433,
    "sentKBytesPerSec" : 9.841849045816437
  },
  "Total" : {
    "transaction" : "Total",
    "sampleCount" : 18000,
    "errorCount" : 2999,
    "errorPct" : 16.661112,
    "meanResTime" : 3883.4630555555523,
    "medianResTime" : 2875.0,
    "minResTime" : 272.0,
    "maxResTime" : 137727.0,
    "pct1ResTime" : 7087.0,
    "pct2ResTime" : 10115.850000000002,
    "pct3ResTime" : 19455.99,
    "throughput" : 124.18503570319777,
    "receivedKBytesPerSec" : 106.42662949739557,
    "sentKBytesPerSec" : 45.15451981786195
  },
  " Login" : {
    "transaction" : " Login",
    "sampleCount" : 3000,
    "errorCount" : 0,
    "errorPct" : 0.0,
    "meanResTime" : 8754.88700000001,
    "medianResTime" : 6496.0,
    "minResTime" : 1187.0,
    "maxResTime" : 137727.0,
    "pct1ResTime" : 17925.7,
    "pct2ResTime" : 20005.949999999986,
    "pct3ResTime" : 36891.359999999986,
    "throughput" : 21.209507515235497,
    "receivedKBytesPerSec" : 16.106604949945563,
    "sentKBytesPerSec" : 5.198814830394638
  },
  "UpdateBooking " : {
    "transaction" : "UpdateBooking ",
    "sampleCount" : 3000,
    "errorCount" : 0,
    "errorPct" : 0.0,
    "meanResTime" : 4112.898000000013,
    "medianResTime" : 4736.0,
    "minResTime" : 278.0,
    "maxResTime" : 13009.0,
    "pct1ResTime" : 6932.0,
    "pct2ResTime" : 7094.95,
    "pct3ResTime" : 7843.98,
    "throughput" : 21.19137934688169,
    "receivedKBytesPerSec" : 19.062473510775817,
    "sentKBytesPerSec" : 10.409437315899892
  },
  "Delete booking" : {
    "transaction" : "Delete booking",
    "sampleCount" : 3000,
    "errorCount" : 2999,
    "errorPct" : 99.96667,
    "meanResTime" : 2232.0033333333304,
    "medianResTime" : 2298.5,
    "minResTime" : 273.0,
    "maxResTime" : 25768.0,
    "pct1ResTime" : 3673.0,
    "pct2ResTime" : 3731.8999999999996,
    "pct3ResTime" : 4735.229999999983,
    "throughput" : 21.20845793302369,
    "receivedKBytesPerSec" : 16.102383609750234,
    "sentKBytesPerSec" : 4.660061557549151
  },
  "Create booking" : {
    "transaction" : "Create booking",
    "sampleCount" : 3000,
    "errorCount" : 0,
    "errorPct" : 0.0,
    "meanResTime" : 1838.156,
    "medianResTime" : 1729.5,
    "minResTime" : 294.0,
    "maxResTime" : 29602.0,
    "pct1ResTime" : 3528.9,
    "pct2ResTime" : 3747.8999999999996,
    "pct3ResTime" : 7266.869999999997,
    "throughput" : 21.414040472536495,
    "receivedKBytesPerSec" : 19.84696768264392,
    "sentKBytesPerSec" : 9.74506138691602
  }
}